Number:,Age:,Weight:,Height:,Gender,Jump Flight Time (Android):,Jump Flight Time (BioPlux):,Predicted_LSQ,Predicted_MLP
1,31,70,175,Male,429,455,396.10462126772404,399.76657136014813
10,31,70,175,Male,397,346,382.4959761050876,382.80647747041274
101,22,78,170,Male,430,437,398.3520279892861,403.02150811420864
102,22,78,170,Male,429,398,397.92675782795374,402.3402720888473
103,22,78,170,Male,398,395,384.7433828266497,384.6377926427848
104,22,78,170,Male,423,383,395.3751368599594,398.2528559366793
105,22,78,170,Male,430,430,398.3520279892861,403.02150811420864
106,22,78,170,Male,449,423,406.4321610546015,416.51751211060065
107,22,78,170,Male,382,379,377.93906024533146,378.42129685873346
108,22,78,170,Male,415,415,391.9729755693003,392.80296773378853
109,22,78,170,Male,415,414,391.9729755693003,392.80296773378853
11,31,70,175,Male,412,362,388.87502852507345,388.4092706107055
110,22,78,170,Male,415,381,391.9729755693003,392.80296773378853
111,22,78,170,Male,432,421,399.20256831195087,404.3839801649313
112,22,78,170,Male,416,409,392.39824573063265,393.4842037591498
113,22,78,170,Male,432,417,399.20256831195087,404.3839801649313
114,22,78,170,Male,431,425,398.7772981506185,403.70274413957
115,22,78,170,Male,414,386,391.5477054079679,392.1217317084272
116,22,78,170,Male,429,427,397.92675782795374,402.3402720888473
117,22,78,170,Male,431,428,398.7772981506185,403.70274413957
118,22,78,170,Male,446,422,405.15635057060433,414.2743451364107
119,22,78,170,Male,415,455,391.9729755693003,392.80296773378853
12,31,70,175,Male,366,367,369.31260110378355,374.2541907357264
120,22,78,170,Male,431,414,398.7772981506185,403.70274413957
121,22,78,170,Male,696,441,,
122,23,58,152,Female,381,371,369.20698252667137,374.45233434342964
123,23,58,152,Female,364,366,361.9773897840207,373.20021597830197
124,23,58,152,Female,381,296,369.20698252667137,374.45233434342964
125,23,58,152,Female,413,377,382.8156276893078,377.13160689805323
126,22,48,153,Female,381,436,422.53518055541065,419.25265212218864
127,22,48,153,Female,416,420,437.4196362020443,423.11697376363423
128,22,48,153,Female,508,399,,
13,31,70,175,Male,396,370,382.0707059437552,382.4329579277266
130,22,48,153,Female,380,400,422.10991039407827,419.1787376223751
131,22,48,153,Female,382,416,422.960450716743,419.3265666220022
132,22,48,153,Female,314,408,394.0420797461406,415.69813638481895
133,22,48,153,Female,546,458,,
134,22,48,153,Female,346,410,407.650724908777,416.6656446287121
136,22,48,153,Female,364,464,415.30558781276,417.9961056253572
137,22,48,153,Female,447,429,450.60301120334833,431.48047056859826
138,22,48,153,Female,430,433,443.37341846069774,426.18819099702586
139,22,48,153,Female,512,464,,
14,31,70,175,Male,380,386,375.26638336243695,376.5468788714439
140,22,78,170,Male,433,377,399.62783847328325,405.0652161902927
141,22,78,170,Male,407,363,388.57081427864114,388.5829328868485
142,22,78,170,Male,432,463,399.20256831195087,404.3839801649313
143,22,78,170,Male,414,389,391.5477054079679,392.1217317084272
144,22,78,170,Male,416,376,392.39824573063265,393.4842037591498
145,22,78,170,Male,431,392,398.7772981506185,403.70274413957
146,22,78,170,Male,429,406,397.92675782795374,402.3402720888473
147,22,78,170,Male,433,373,399.62783847328325,405.0652161902927
148,22,78,170,Male,414,404,391.5477054079679,392.1217317084272
149,22,78,170,Male,416,396,392.39824573063265,393.4842037591498
15,31,70,175,Male,514,354,,
150,22,78,170,Male,417,366,392.82351589196503,394.16543978451114
151,22,78,170,Male,431,410,398.7772981506185,403.70274413957
152,22,78,170,Male,431,413,398.7772981506185,403.70274413957
153,22,78,170,Male,415,411,391.9729755693003,392.80296773378853
154,22,78,170,Male,431,354,398.7772981506185,403.70274413957
155,22,78,170,Male,398,353,384.7433828266497,384.6377926427848
156,22,78,170,Male,431,414,398.7772981506185,403.70274413957
157,22,78,170,Male,413,348,391.1224352466355,391.4732273066421
158,22,78,170,Male,413,375,391.1224352466355,391.4732273066421
159,22,78,170,Male,398,359,384.7433828266497,384.6377926427848
16,31,70,175,Male,332,342,354.8534156184823,374.5121988436083
160,22,78,170,Male,415,394,391.9729755693003,392.80296773378853
161,22,78,170,Male,417,408,392.82351589196503,394.16543978451114
162,22,78,170,Male,381,328,377.513790083999,378.06429408613303
163,22,78,170,Male,427,434,397.0762175052889,400.9778000381246
164,22,78,170,Male,432,399,399.20256831195087,404.3839801649313
165,22,78,170,Male,415,430,391.9729755693003,392.80296773378853
166,22,78,170,Male,381,376,377.513790083999,378.06429408613303
167,22,78,170,Male,382,342,377.93906024533146,378.42129685873346
168,22,78,170,Male,415,378,391.9729755693003,392.80296773378853
169,22,78,170,Male,399,369,385.16865298798206,385.06853744670417
17,31,70,175,Male,397,368,382.4959761050876,382.80647747041274
170,22,78,170,Male,431,366,398.7772981506185,403.70274413957
171,22,78,170,Male,398,348,384.7433828266497,384.6377926427848
172,22,78,170,Male,415,418,391.9729755693003,392.80296773378853
173,22,78,170,Male,382,368,377.93906024533146,378.42129685873346
174,22,78,170,Male,415,408,391.9729755693003,392.80296773378853
175,22,78,170,Male,381,335,377.513790083999,378.06429408613303
176,22,78,170,Male,398,383,384.7433828266497,384.6377926427848
177,22,78,170,Male,366,368,371.1347376640132,376.031517411683
178,22,78,170,Male,397,364,384.31811266531724,384.20704783886544
179,22,78,170,Male,383,320,378.36433040666384,378.7782996313338
18,31,70,175,Male,365,365,368.8873309424511,374.22162693519243
180,22,78,170,Male,398,384,384.7433828266497,384.6377926427848
181,22,78,170,Male,413,379,391.1224352466355,391.4732273066421
182,22,78,170,Male,396,380,383.89284250398487,383.7763030349461
183,22,78,170,Male,398,356,384.7433828266497,384.6377926427848
184,22,78,170,Male,397,377,384.31811266531724,384.20704783886544
185,22,78,170,Male,413,400,391.1224352466355,391.4732273066421
186,22,78,170,Male,414,416,391.5477054079679,392.1217317084272
187,22,78,170,Male,398,387,384.7433828266497,384.6377926427848
188,22,78,170,Male,380,390,377.08851992266665,377.7072913135326
189,22,78,170,Male,365,347,370.7094675026808,376.06711945650653
19,31,70,175,Male,379,360,374.8411132011046,376.2788341677395
190,22,78,170,Male,397,366,384.31811266531724,384.20704783886544
191,22,78,170,Male,409,411,389.42135460130595,389.54636436011305
192,22,78,170,Male,398,385,384.7433828266497,384.6377926427848
193,22,78,170,Male,405,381,387.7202739559764,387.65300627022026
194,22,78,170,Male,397,395,384.31811266531724,384.20704783886544
195,22,78,170,Male,398,351,384.7433828266497,384.6377926427848
196,22,78,170,Male,396,386,383.89284250398487,383.7763030349461
197,22,78,170,Male,397,389,384.31811266531724,384.20704783886544
198,22,78,170,Male,363,389,369.85892718001605,376.2778754976271
199,22,78,170,Male,430,393,398.3520279892861,403.02150811420864
2,31,70,175,Male,429,442,396.10462126772404,399.76657136014813
20,31,70,175,Male,396,358,382.0707059437552,382.4329579277266
200,22,78,170,Male,397,406,384.31811266531724,384.20704783886544
201,22,78,170,Male,413,370,391.1224352466355,391.4732273066421
202,22,78,170,Male,397,375,384.31811266531724,384.20704783886544
203,22,78,170,Male,381,401,377.513790083999,378.06429408613303
204,22,78,170,Male,380,403,377.08851992266665,377.7072913135326
205,22,78,170,Male,398,391,384.7433828266497,384.6377926427848
206,22,78,170,Male,397,398,384.31811266531724,384.20704783886544
207,22,78,170,Male,379,324,376.66324976133427,377.3502885409321
208,22,78,170,Male,380,370,377.08851992266665,377.7072913135326
209,22,78,170,Male,413,380,391.1224352466355,391.4732273066421
21,31,70,175,Male,518,338,,
210,22,78,170,Male,429,409,397.92675782795374,402.3402720888473
211,22,78,170,Male,378,388,376.2379796000019,377.00153686334454
212,22,78,170,Male,395,387,383.4675723426525,383.34555823102676
213,22,78,170,Male,397,344,384.31811266531724,384.20704783886544
214,22,78,170,Male,414,398,391.5477054079679,392.1217317084272
215,22,78,170,Male,379,393,376.66324976133427,377.3502885409321
216,22,78,170,Male,344,386,361.77879411470064,383.01225412762693
217,22,78,170,Male,331,348,356.2502820173796,393.0334756174935
218,22,78,170,Male,405,399,387.7202739559764,387.65300627022026
219,22,78,170,Male,380,366,377.08851992266665,377.7072913135326
22,31,70,175,Male,366,381,369.31260110378355,374.2541907357264
220,22,78,170,Male,396,400,383.89284250398487,383.7763030349461
221,22,78,170,Male,412,398,390.6971650853031,390.9915115700099
222,22,78,170,Male,412,409,390.6971650853031,390.9915115700099
223,22,78,170,Male,381,337,377.513790083999,378.06429408613303
224,22,78,170,Male,381,349,377.513790083999,378.06429408613303
225,22,78,170,Male,396,336,383.89284250398487,383.7763030349461
226,22,78,170,Male,397,396,384.31811266531724,384.20704783886544
227,22,78,170,Male,378,376,376.2379796000019,377.00153686334454
228,22,78,170,Male,758,366,,
229,22,78,170,Male,413,352,391.1224352466355,391.4732273066421
23,31,70,175,Male,265,386,,
230,22,78,170,Male,428,389,397.5014876666213,401.6590360634859
231,22,78,170,Male,381,385,377.513790083999,378.06429408613303
232,22,78,170,Male,411,401,390.2718949239707,390.5097958333776
233,22,78,170,Male,380,405,377.08851992266665,377.7072913135326
234,22,78,170,Male,395,354,383.4675723426525,383.34555823102676
235,22,78,170,Male,396,407,383.89284250398487,383.7763030349461
236,22,78,170,Male,396,379,383.89284250398487,383.7763030349461
237,22,78,170,Male,379,376,376.66324976133427,377.3502885409321
238,22,78,170,Male,412,384,390.6971650853031,390.9915115700099
239,22,78,170,Male,429,397,397.92675782795374,402.3402720888473
24,31,70,175,Male,395,391,381.6454357824228,382.0594383850404
240,22,78,170,Male,346,395,362.6293344373654,381.85695871826033
241,22,78,170,Male,412,375,390.6971650853031,390.9915115700099
242,22,78,170,Male,413,387,391.1224352466355,391.4732273066421
243,22,78,170,Male,396,364,383.89284250398487,383.7763030349461
244,22,78,170,Male,411,385,390.2718949239707,390.5097958333776
245,22,78,170,Male,348,346,363.4798747600302,380.8272745277539
246,22,78,170,Male,364,374,370.28419734134843,376.1480619672212
247,22,78,170,Male,380,394,377.08851992266665,377.7072913135326
248,22,78,170,Male,381,380,377.513790083999,378.06429408613303
249,22,78,170,Male,413,366,391.1224352466355,391.4732273066421
25,31,70,175,Male,397,382,382.4959761050876,382.80647747041274
250,22,78,170,Male,397,425,384.31811266531724,384.20704783886544
251,22,78,170,Male,381,390,377.513790083999,378.06429408613303
252,22,78,170,Male,380,398,377.08851992266665,377.7072913135326
253,22,78,170,Male,380,343,377.08851992266665,377.7072913135326
254,22,78,170,Male,414,405,391.5477054079679,392.1217317084272
255,22,78,170,Male,427,431,397.0762175052889,400.9778000381246
256,22,78,170,Male,412,390,390.6971650853031,390.9915115700099
257,22,78,170,Male,397,420,384.31811266531724,384.20704783886544
258,22,78,170,Male,380,384,377.08851992266665,377.7072913135326
259,22,78,170,Male,380,421,377.08851992266665,377.7072913135326
26,31,70,175,Male,381,367,375.6916535237694,376.83016478743383
260,22,78,170,Male,412,354,390.6971650853031,390.9915115700099
261,22,78,170,Male,348,387,363.4798747600302,380.8272745277539
262,22,78,170,Male,396,370,383.89284250398487,383.7763030349461
263,22,78,170,Male,461,402,411.53540299059017,427.1574300562969
264,22,78,170,Male,416,421,392.39824573063265,393.4842037591498
265,22,78,170,Male,398,376,384.7433828266497,384.6377926427848
266,22,78,170,Male,380,366,377.08851992266665,377.7072913135326
267,22,78,170,Male,407,397,388.57081427864114,388.5829328868485
268,22,78,170,Male,397,326,384.31811266531724,384.20704783886544
269,22,78,170,Male,379,407,376.66324976133427,377.3502885409321
27,31,70,175,Male,365,373,368.8873309424511,374.22162693519243
270,22,78,170,Male,357,347,367.30730621202173,377.05675668006245
271,22,78,170,Male,416,402,392.39824573063265,393.4842037591498
272,22,78,170,Male,395,375,383.4675723426525,383.34555823102676
273,22,78,170,Male,412,397,390.6971650853031,390.9915115700099
274,22,78,170,Male,396,381,383.89284250398487,383.7763030349461
275,22,78,170,Male,411,384,390.2718949239707,390.5097958333776
276,22,78,170,Male,396,369,383.89284250398487,383.7763030349461
277,22,78,170,Male,379,373,376.66324976133427,377.3502885409321
278,22,78,170,Male,396,344,383.89284250398487,383.7763030349461
279,22,78,170,Male,398,392,384.7433828266497,384.6377926427848
280,22,78,170,Male,395,371,383.4675723426525,383.34555823102676
281,22,78,170,Male,379,355,376.66324976133427,377.3502885409321
282,22,78,170,Male,412,408,390.6971650853031,390.9915115700099
283,22,78,170,Male,411,389,390.2718949239707,390.5097958333776
284,22,78,170,Male,395,358,383.4675723426525,383.34555823102676
285,22,78,170,Male,364,393,370.28419734134843,376.1480619672212
286,22,78,170,Male,397,409,384.31811266531724,384.20704783886544
287,22,78,170,Male,395,384,383.4675723426525,383.34555823102676
288,22,78,170,Male,429,379,397.92675782795374,402.3402720888473
289,22,78,170,Male,396,399,383.89284250398487,383.7763030349461
29,31,70,175,Male,398,400,382.92124626642,383.17999701309895
290,22,78,170,Male,388,374,380.4906812133258,380.5633134943361
291,22,78,170,Male,428,368,397.5014876666213,401.6590360634859
292,22,78,170,Male,411,398,390.2718949239707,390.5097958333776
293,22,78,170,Male,379,341,376.66324976133427,377.3502885409321
294,22,78,170,Male,396,368,383.89284250398487,383.7763030349461
295,22,78,170,Male,361,383,369.00838685735124,376.5375025584389
296,22,78,170,Male,396,396,383.89284250398487,383.7763030349461
297,22,78,170,Male,413,369,391.1224352466355,391.4732273066421
298,22,78,170,Male,395,311,383.4675723426525,383.34555823102676
299,22,78,170,Male,413,337,391.1224352466355,391.4732273066421
3,31,70,175,Male,421,383,392.7024599770649,394.0218721237156
30,31,70,175,Male,416,393,390.57610917040296,390.8485926416592
300,22,78,170,Male,380,377,377.08851992266665,377.7072913135326
301,22,78,170,Male,398,367,384.7433828266497,384.6377926427848
302,22,78,170,Male,428,412,397.5014876666213,401.6590360634859
303,22,78,170,Male,380,394,377.08851992266665,377.7072913135326
304,22,78,170,Male,363,373,369.85892718001605,376.2778754976271
305,22,78,170,Male,412,352,390.6971650853031,390.9915115700099
306,22,78,170,Male,380,375,377.08851992266665,377.7072913135326
307,22,78,170,Male,365,415,370.7094675026808,376.06711945650653
308,22,78,170,Male,365,356,370.7094675026808,376.06711945650653
309,22,78,170,Male,395,385,383.4675723426525,383.34555823102676
31,31,70,175,Male,294,400,,
310,22,78,170,Male,380,380,377.08851992266665,377.7072913135326
311,22,78,170,Male,378,337,376.2379796000019,377.00153686334454
312,22,78,170,Male,378,250,376.2379796000019,377.00153686334454
313,22,78,170,Male,365,380,370.7094675026808,376.06711945650653
314,22,78,170,Male,363,365,369.85892718001605,376.2778754976271
315,22,78,170,Male,396,412,383.89284250398487,383.7763030349461
316,22,78,170,Male,412,404,390.6971650853031,390.9915115700099
317,22,78,170,Male,364,407,370.28419734134843,376.1480619672212
318,22,78,170,Male,396,380,383.89284250398487,383.7763030349461
319,22,78,170,Male,412,414,390.6971650853031,390.9915115700099
320,22,78,170,Male,380,387,377.08851992266665,377.7072913135326
321,22,78,170,Male,412,406,390.6971650853031,390.9915115700099
322,22,78,170,Male,426,393,396.65094734395655,400.29656401276327
323,22,78,170,Male,411,409,390.2718949239707,390.5097958333776
324,22,78,170,Male,394,397,383.0423021813201,382.9148134271074
325,22,78,170,Male,394,410,383.0423021813201,382.9148134271074
326,22,78,170,Male,428,367,397.5014876666213,401.6590360634859
327,22,78,170,Male,397,414,384.31811266531724,384.20704783886544
328,22,78,170,Male,397,412,384.31811266531724,384.20704783886544
329,22,78,170,Male,397,426,384.31811266531724,384.20704783886544
33,31,70,175,Male,178,371,,
330,22,78,170,Male,411,383,390.2718949239707,390.5097958333776
331,22,78,170,Male,397,370,384.31811266531724,384.20704783886544
332,22,78,170,Male,428,409,397.5014876666213,401.6590360634859
333,22,78,170,Male,412,410,390.6971650853031,390.9915115700099
334,22,78,170,Male,403,407,386.8697336333116,386.7915166623815
335,22,78,170,Male,383,369,378.36433040666384,378.7782996313338
336,22,78,170,Male,384,383,378.7896005679962,379.13530240393436
337,22,78,170,Male,398,448,384.7433828266497,384.6377926427848
338,22,78,170,Male,380,397,377.08851992266665,377.7072913135326
339,22,78,170,Male,415,385,391.9729755693003,392.80296773378853
340,22,78,170,Male,414,397,391.5477054079679,392.1217317084272
341,22,78,170,Male,365,385,370.7094675026808,376.06711945650653
342,22,78,170,Male,399,390,385.16865298798206,385.06853744670417
343,22,78,170,Male,414,392,391.5477054079679,392.1217317084272
344,22,78,170,Male,380,376,377.08851992266665,377.7072913135326
345,22,78,170,Male,393,400,382.61703201998773,382.484068623188
346,22,78,170,Male,399,382,385.16865298798206,385.06853744670417
347,22,78,170,Male,393,377,382.61703201998773,382.484068623188
348,22,78,170,Male,412,375,390.6971650853031,390.9915115700099
349,22,78,170,Male,402,401,386.4444634719792,386.3607718584621
35,31,70,175,Male,435,414,398.65624223571837,404.5222787104938
350,22,78,170,Male,413,307,391.1224352466355,391.4732273066421
351,22,78,170,Male,367,394,371.5600078253456,375.99591536685955
352,22,78,170,Male,341,343,360.5029836307035,385.1134385388678
353,22,78,170,Male,381,389,377.513790083999,378.06429408613303
354,22,78,170,Male,398,368,384.7433828266497,384.6377926427848
355,22,78,170,Male,380,409,377.08851992266665,377.7072913135326
356,22,78,170,Male,413,402,391.1224352466355,391.4732273066421
357,22,78,170,Male,381,385,377.513790083999,378.06429408613303
358,22,78,170,Male,380,377,377.08851992266665,377.7072913135326
359,22,78,170,Male,398,397,384.7433828266497,384.6377926427848
360,22,78,170,Male,413,376,391.1224352466355,391.4732273066421
361,22,78,170,Male,399,395,385.16865298798206,385.06853744670417
362,22,78,170,Male,384,409,378.7896005679962,379.13530240393436
363,22,78,170,Male,382,359,377.93906024533146,378.42129685873346
364,22,78,170,Male,413,410,391.1224352466355,391.4732273066421
365,22,78,170,Male,381,380,377.513790083999,378.06429408613303
366,22,78,170,Male,399,390,385.16865298798206,385.06853744670417
367,22,78,170,Male,364,395,370.28419734134843,376.1480619672212
368,22,78,170,Male,412,408,390.6971650853031,390.9915115700099
369,22,78,170,Male,371,366,373.26108847067513,376.0540775245338
37,31,70,175,Male,447,394,403.759484171707,414.0336934111852
370,22,78,170,Male,397,397,384.31811266531724,384.20704783886544
371,22,78,170,Male,429,420,397.92675782795374,402.3402720888473
372,22,78,170,Male,397,284,384.31811266531724,384.20704783886544
373,22,78,170,Male,397,390,384.31811266531724,384.20704783886544
374,22,78,170,Male,390,372,381.34122153599054,381.27731903953696
375,22,78,170,Male,331,363,356.2502820173796,393.0334756174935
376,22,78,170,Male,413,419,391.1224352466355,391.4732273066421
377,22,78,170,Male,462,319,411.96067315192255,428.0858811575557
378,22,78,170,Male,413,382,391.1224352466355,391.4732273066421
379,22,78,170,Male,332,396,356.675552178712,392.17209560605045
380,22,78,170,Male,166,391,,
381,22,78,170,Male,397,396,384.31811266531724,384.20704783886544
382,22,78,170,Male,412,412,390.6971650853031,390.9915115700099
383,22,78,170,Male,364,385,370.28419734134843,376.1480619672212
384,22,78,170,Male,397,356,384.31811266531724,384.20704783886544
385,22,78,170,Male,399,402,385.16865298798206,385.06853744670417
386,22,78,170,Male,380,356,377.08851992266665,377.7072913135326
387,22,78,170,Male,397,409,384.31811266531724,384.20704783886544
388,22,78,170,Male,396,359,383.89284250398487,383.7763030349461
389,22,78,170,Male,381,295,377.513790083999,378.06429408613303
39,31,70,175,Male,412,372,388.87502852507345,388.4092706107055
390,22,78,170,Male,362,378,369.4336570186837,376.407689028033
391,22,78,170,Male,380,369,377.08851992266665,377.7072913135326
392,22,78,170,Male,381,337,377.513790083999,378.06429408613303
393,22,78,170,Male,396,405,383.89284250398487,383.7763030349461
394,22,78,170,Male,346,385,362.6293344373654,381.85695871826033
395,22,78,170,Male,381,403,377.513790083999,378.06429408613303
396,22,78,170,Male,396,409,383.89284250398487,383.7763030349461
397,22,78,170,Male,380,296,377.08851992266665,377.7072913135326
398,22,78,170,Male,413,354,391.1224352466355,391.4732273066421
399,22,78,170,Male,395,393,383.4675723426525,383.34555823102676
4,31,70,175,Male,420,397,392.2771898157325,393.38721622730435
40,31,70,175,Male,365,379,368.8873309424511,374.22162693519243
400,22,78,170,Male,396,372,383.89284250398487,383.7763030349461
401,22,78,170,Male,430,403,398.3520279892861,403.02150811420864
402,22,78,170,Male,384,362,378.7896005679962,379.13530240393436
403,22,78,170,Male,400,413,385.59392314931443,385.4992822506235
404,22,78,170,Male,417,411,392.82351589196503,394.16543978451114
405,22,78,170,Male,418,388,393.24878605329747,394.84667580987247
406,22,78,170,Male,382,354,377.93906024533146,378.42129685873346
407,22,78,170,Male,380,342,377.08851992266665,377.7072913135326
408,22,78,170,Male,367,400,371.5600078253456,375.99591536685955
409,22,78,170,Male,397,386,384.31811266531724,384.20704783886544
410,22,78,170,Male,415,421,391.9729755693003,392.80296773378853
411,22,78,170,Male,449,332,406.4321610546015,416.51751211060065
412,22,78,170,Male,348,350,363.4798747600302,380.8272745277539
413,22,78,170,Male,415,398,391.9729755693003,392.80296773378853
414,22,78,170,Male,398,359,384.7433828266497,384.6377926427848
415,22,78,170,Male,414,391,391.5477054079679,392.1217317084272
416,22,78,170,Male,382,378,377.93906024533146,378.42129685873346
418,22,78,170,Male,430,375,398.3520279892861,403.02150811420864
419,22,78,170,Male,408,375,388.9960844399736,389.0646486234808
42,31,70,175,Male,444,407,402.4836736877099,411.65583973601235
420,22,78,170,Male,398,364,384.7433828266497,384.6377926427848
421,22,78,170,Male,398,387,384.7433828266497,384.6377926427848
422,22,78,170,Male,412,389,390.6971650853031,390.9915115700099
423,22,78,170,Male,399,386,385.16865298798206,385.06853744670417
424,22,78,170,Male,431,386,398.7772981506185,403.70274413957
425,22,78,170,Male,381,423,377.513790083999,378.06429408613303
426,22,78,170,Male,380,382,377.08851992266665,377.7072913135326
427,22,78,170,Male,382,383,377.93906024533146,378.42129685873346
428,22,78,170,Male,415,400,391.9729755693003,392.80296773378853
429,22,78,170,Male,412,348,390.6971650853031,390.9915115700099
43,31,70,175,Male,448,409,404.18475433303945,414.8263113029094
430,22,78,170,Male,396,427,383.89284250398487,383.7763030349461
431,22,78,170,Male,399,430,385.16865298798206,385.06853744670417
432,22,78,170,Male,414,420,391.5477054079679,392.1217317084272
433,22,78,170,Male,380,416,377.08851992266665,377.7072913135326
434,22,78,170,Male,398,412,384.7433828266497,384.6377926427848
435,22,78,170,Male,359,369,368.1578465346865,376.7971296192507
436,22,78,170,Male,397,423,384.31811266531724,384.20704783886544
437,22,78,170,Male,397,405,384.31811266531724,384.20704783886544
438,22,78,170,Male,381,435,377.513790083999,378.06429408613303
439,22,78,170,Male,395,372,383.4675723426525,383.34555823102676
440,22,78,170,Male,413,396,391.1224352466355,391.4732273066421
441,22,78,170,Male,397,359,384.31811266531724,384.20704783886544
442,22,78,170,Male,364,362,370.28419734134843,376.1480619672212
443,22,78,170,Male,414,353,391.5477054079679,392.1217317084272
444,22,78,170,Male,365,423,370.7094675026808,376.06711945650653
445,22,78,170,Male,397,393,384.31811266531724,384.20704783886544
446,22,78,170,Male,430,380,398.3520279892861,403.02150811420864
447,22,78,170,Male,368,378,371.985277986678,375.9603133220361
448,22,78,170,Male,412,398,390.6971650853031,390.9915115700099
449,22,78,170,Male,344,377,361.77879411470064,383.01225412762693
45,31,70,175,Male,431,407,396.9551615903888,401.3518071435967
450,22,78,170,Male,380,382,377.08851992266665,377.7072913135326
451,22,78,170,Male,380,376,377.08851992266665,377.7072913135326
452,22,78,170,Male,394,370,383.0423021813201,382.9148134271074
453,22,78,170,Male,364,366,370.28419734134843,376.1480619672212
454,22,78,170,Male,380,390,377.08851992266665,377.7072913135326
455,22,78,170,Male,413,379,391.1224352466355,391.4732273066421
456,22,78,170,Male,381,364,377.513790083999,378.06429408613303
457,22,78,170,Male,381,383,377.513790083999,378.06429408613303
458,22,78,170,Male,430,415,398.3520279892861,403.02150811420864
459,22,78,170,Male,388,385,380.4906812133258,380.5633134943361
46,31,70,175,Male,330,393,354.00287529581755,374.7587033465532
460,22,78,170,Male,386,383,379.640140890661,379.84930794913515
461,22,78,170,Male,116,340,,
462,22,78,170,Male,414,403,391.5477054079679,392.1217317084272
463,22,78,170,Male,727,382,,
464,22,78,170,Male,432,404,399.20256831195087,404.3839801649313
465,22,78,170,Male,395,423,383.4675723426525,383.34555823102676
466,22,78,170,Male,379,382,376.66324976133427,377.3502885409321
467,22,78,170,Male,428,361,397.5014876666213,401.6590360634859
468,22,78,170,Male,370,393,372.83581830934276,375.959536901601
469,22,78,170,Male,365,356,370.7094675026808,376.06711945650653
470,22,78,170,Male,397,410,384.31811266531724,384.20704783886544
471,22,78,170,Male,182,420,,
472,22,78,170,Male,363,376,369.85892718001605,376.2778754976271
473,22,78,170,Male,395,362,383.4675723426525,383.34555823102676
474,22,78,170,Male,414,400,391.5477054079679,392.1217317084272
475,22,78,170,Male,367,349,371.5600078253456,375.99591536685955
476,22,78,170,Male,399,403,385.16865298798206,385.06853744670417
477,22,78,170,Male,417,393,392.82351589196503,394.16543978451114
478,22,78,170,Male,381,400,377.513790083999,378.06429408613303
479,22,78,170,Male,412,345,390.6971650853031,390.9915115700099
48,31,70,175,Male,412,362,388.87502852507345,388.4092706107055
480,22,78,170,Male,776,393,,
481,22,78,170,Male,358,369,367.7325763733541,376.9269431496566
482,22,78,170,Male,365,363,370.7094675026808,376.06711945650653
483,22,78,170,Male,398,378,384.7433828266497,384.6377926427848
484,22,78,170,Male,396,410,383.89284250398487,383.7763030349461
485,22,78,170,Male,346,354,362.6293344373654,381.85695871826033
486,22,78,170,Male,380,397,377.08851992266665,377.7072913135326
487,22,78,170,Male,380,348,377.08851992266665,377.7072913135326
488,22,78,170,Male,406,385,388.14554411730876,388.1012171502162
49,31,70,175,Male,506,392,,
490,22,78,170,Male,378,371,376.2379796000019,377.00153686334454
491,22,78,170,Male,413,384,391.1224352466355,391.4732273066421
492,22,78,170,Male,411,360,390.2718949239707,390.5097958333776
493,22,78,170,Male,412,382,390.6971650853031,390.9915115700099
494,22,78,170,Male,379,351,376.66324976133427,377.3502885409321
495,22,78,170,Male,381,377,377.513790083999,378.06429408613303
496,22,78,170,Male,397,371,384.31811266531724,384.20704783886544
498,22,78,170,Male,396,411,383.89284250398487,383.7763030349461
499,22,78,170,Male,394,364,383.0423021813201,382.9148134271074
5,31,70,175,Male,403,384,385.04759707308193,385.0475947265299
50,31,70,175,Male,412,378,388.87502852507345,388.4092706107055
500,22,78,170,Male,412,354,390.6971650853031,390.9915115700099
501,22,78,170,Male,396,277,383.89284250398487,383.7763030349461
502,22,78,170,Male,412,386,390.6971650853031,390.9915115700099
503,22,78,170,Male,412,386,390.6971650853031,390.9915115700099
504,22,78,170,Male,379,411,376.66324976133427,377.3502885409321
505,22,78,170,Male,380,391,377.08851992266665,377.7072913135326
506,22,78,170,Male,380,443,377.08851992266665,377.7072913135326
507,22,78,170,Male,331,415,356.2502820173796,393.0334756174935
508,22,78,170,Male,362,386,369.4336570186837,376.407689028033
509,22,78,170,Male,379,364,376.66324976133427,377.3502885409321
51,22,78,170,Male,514,518,,
510,22,78,170,Male,348,342,363.4798747600302,380.8272745277539
511,22,78,170,Male,412,397,390.6971650853031,390.9915115700099
512,22,78,170,Male,495,434,425.9945884758914,484.88004692417877
513,22,78,170,Male,394,356,383.0423021813201,382.9148134271074
514,22,78,170,Male,411,429,390.2718949239707,390.5097958333776
515,22,78,170,Male,380,380,377.08851992266665,377.7072913135326
516,22,78,170,Male,429,360,397.92675782795374,402.3402720888473
517,22,78,170,Male,397,383,384.31811266531724,384.20704783886544
518,22,78,170,Male,377,330,375.8127094386695,376.7667168065594
519,22,78,170,Male,397,384,384.31811266531724,384.20704783886544
52,22,78,170,Male,433,428,399.62783847328325,405.0652161902927
520,22,78,170,Male,363,388,369.85892718001605,376.2778754976271
521,22,78,170,Male,364,328,370.28419734134843,376.1480619672212
522,22,78,170,Male,360,352,368.58311669601886,376.6673160888447
523,22,78,170,Male,105,359,,
524,22,78,170,Male,413,394,391.1224352466355,391.4732273066421
525,22,78,170,Male,379,378,376.66324976133427,377.3502885409321
526,22,78,170,Male,428,388,397.5014876666213,401.6590360634859
527,22,78,170,Male,379,352,376.66324976133427,377.3502885409321
528,22,78,170,Male,380,357,377.08851992266665,377.7072913135326
529,22,78,170,Male,347,393,363.05460459869784,381.34211662300714
53,22,78,170,Male,431,393,398.7772981506185,403.70274413957
530,22,78,170,Male,380,358,377.08851992266665,377.7072913135326
531,22,78,170,Male,379,301,376.66324976133427,377.3502885409321
532,22,78,170,Male,379,374,376.66324976133427,377.3502885409321
533,22,78,170,Male,379,370,376.66324976133427,377.3502885409321
534,22,78,170,Male,345,381,362.204064276033,382.3718008135135
535,22,78,170,Male,381,391,377.513790083999,378.06429408613303
536,22,78,170,Male,345,360,362.204064276033,382.3718008135135
537,22,78,170,Male,380,362,377.08851992266665,377.7072913135326
538,22,78,170,Male,348,374,363.4798747600302,380.8272745277539
539,22,78,170,Male,396,437,383.89284250398487,383.7763030349461
54,22,78,170,Male,416,418,392.39824573063265,393.4842037591498
540,22,78,170,Male,331,341,356.2502820173796,393.0334756174935
541,22,78,170,Male,346,349,362.6293344373654,381.85695871826033
542,22,78,170,Male,364,367,370.28419734134843,376.1480619672212
543,22,78,170,Male,379,379,376.66324976133427,377.3502885409321
544,22,78,170,Male,362,353,369.4336570186837,376.407689028033
545,22,78,170,Male,380,355,377.08851992266665,377.7072913135326
546,22,78,170,Male,413,385,391.1224352466355,391.4732273066421
547,22,78,170,Male,313,377,348.5954191133966,425.13704432933423
548,22,78,170,Male,364,355,370.28419734134843,376.1480619672212
549,22,78,170,Male,362,385,369.4336570186837,376.407689028033
55,22,78,170,Male,417,419,392.82351589196503,394.16543978451114
550,22,78,170,Male,380,354,377.08851992266665,377.7072913135326
56,22,78,170,Male,365,369,370.7094675026808,376.06711945650653
57,22,78,170,Male,448,433,406.0068908932691,415.7697897858706
58,22,78,170,Male,413,549,391.1224352466355,391.4732273066421
59,22,78,170,Male,430,433,398.3520279892861,403.02150811420864
6,31,70,175,Male,378,359,374.4158430397722,376.0107894640351
60,22,78,170,Male,414,402,391.5477054079679,392.1217317084272
61,22,78,170,Male,449,356,406.4321610546015,416.51751211060065
62,22,78,170,Male,431,432,398.7772981506185,403.70274413957
64,22,78,170,Male,414,408,391.5477054079679,392.1217317084272
65,22,78,170,Male,448,439,406.0068908932691,415.7697897858706
66,22,78,170,Male,464,437,412.81121347458736,430.0832475916924
67,22,78,170,Male,332,376,356.675552178712,392.17209560605045
68,22,78,170,Male,446,457,405.15635057060433,414.2743451364107
69,22,78,170,Male,429,399,397.92675782795374,402.3402720888473
7,31,70,175,Male,364,383,368.46206078111874,374.1890631346585
70,22,78,170,Male,430,367,398.3520279892861,403.02150811420864
71,22,78,170,Male,430,396,398.3520279892861,403.02150811420864
72,22,78,170,Male,430,314,398.3520279892861,403.02150811420864
73,22,78,170,Male,430,393,398.3520279892861,403.02150811420864
74,22,78,170,Male,431,368,398.7772981506185,403.70274413957
75,22,78,170,Male,413,355,391.1224352466355,391.4732273066421
76,22,78,170,Male,430,400,398.3520279892861,403.02150811420864
78,22,78,170,Male,429,380,397.92675782795374,402.3402720888473
79,22,78,170,Male,447,395,405.5816207319367,415.0220674611407
8,31,70,175,Male,429,364,396.10462126772404,399.76657136014813
80,22,78,170,Male,398,416,384.7433828266497,384.6377926427848
81,22,78,170,Male,380,352,377.08851992266665,377.7072913135326
82,22,78,170,Male,415,394,391.9729755693003,392.80296773378853
83,22,78,170,Male,431,430,398.7772981506185,403.70274413957
84,22,78,170,Male,430,423,398.3520279892861,403.02150811420864
85,22,78,170,Male,430,420,398.3520279892861,403.02150811420864
86,22,78,170,Male,430,426,398.3520279892861,403.02150811420864
87,22,78,170,Male,447,380,405.5816207319367,415.0220674611407
88,22,78,170,Male,430,446,398.3520279892861,403.02150811420864
89,22,78,170,Male,462,424,411.96067315192255,428.0858811575557
9,31,70,175,Male,380,386,375.26638336243695,376.5468788714439
90,22,78,170,Male,430,448,398.3520279892861,403.02150811420864
91,22,78,170,Male,413,392,391.1224352466355,391.4732273066421
92,22,78,170,Male,445,388,404.73108040927195,413.52662281168074
93,22,78,170,Male,446,431,405.15635057060433,414.2743451364107
94,22,78,170,Male,413,431,391.1224352466355,391.4732273066421
95,22,78,170,Male,430,435,398.3520279892861,403.02150811420864
96,22,78,170,Male,429,439,397.92675782795374,402.3402720888473
97,22,78,170,Male,430,405,398.3520279892861,403.02150811420864
98,22,78,170,Male,448,423,406.0068908932691,415.7697897858706
99,22,78,170,Male,445,460,404.73108040927195,413.52662281168074
